{"is_source_file": true, "format": "JavaScript", "description": "This file defines functions for interacting with a song API, including listing songs, uploading a song, and retrieving a stream URL for a specific song.", "external_files": ["./client"], "external_methods": ["apiRequest", "getStreamUrl"], "published": ["listSongs", "uploadSong", "getSongStreamUrl"], "classes": [], "methods": [{"name": "listSongs({ token })", "description": "Fetches user's songs from the backend API endpoint GET /songs.", "scope": "", "scopeKind": ""}, {"name": "uploadSong({ token, file, title, artist })", "description": "Uploads an mp3 file, optionally with title and artist, to the backend API endpoint POST /songs/upload.", "scope": "", "scopeKind": ""}, {"name": "getSongStreamUrl({ songId })", "description": "Returns the stream URL for a given song ID.", "scope": "", "scopeKind": ""}], "calls": ["apiRequest", "getStreamUrl"], "search-terms": ["songs API functions", "upload mp3", "get stream URL", "songs.js"], "state": 2, "file_id": 15, "knowledge_revision": 34, "git_revision": "", "ctags": [{"_type": "tag", "name": "getSongStreamUrl", "path": "/home/kavia/workspace/code-generation/my-music-library-312322-312339/music_player_frontend/src/api/songs.js", "pattern": "/^export function getSongStreamUrl({ songId }) {$/", "language": "JavaScript", "kind": "function", "signature": "({ songId })"}, {"_type": "tag", "name": "listSongs", "path": "/home/kavia/workspace/code-generation/my-music-library-312322-312339/music_player_frontend/src/api/songs.js", "pattern": "/^export async function listSongs({ token }) {$/", "language": "JavaScript", "kind": "function", "signature": "({ token })"}, {"_type": "tag", "name": "uploadSong", "path": "/home/kavia/workspace/code-generation/my-music-library-312322-312339/music_player_frontend/src/api/songs.js", "pattern": "/^export async function uploadSong({ token, file, title, artist }) {$/", "language": "JavaScript", "kind": "function", "signature": "({ token, file, title, artist })"}], "hash": "a0cfbc762d340fcad23fc7bb6794106e", "format-version": 4, "code-base-name": "music_player_frontend", "filename": "music_player_frontend/src/api/songs.js", "revision_history": [{"34": ""}]}