{"is_source_file": true, "format": "JavaScript (React JSX)", "description": "This file defines a React component named 'ProtectedRoute' that guards nested routes by checking user authentication status and redirects unauthenticated users to the login page.", "external_files": ["../contexts/AuthContext", "react", "react-router-dom"], "external_methods": ["useAuth"], "published": ["ProtectedRoute"], "classes": [], "methods": [{"name": "ProtectedRoute()", "description": "React functional component that renders nested routes if the user is authenticated, or redirects to login if not.", "scope": "", "scopeKind": ""}], "calls": ["useAuth", "Navigate", "Outlet"], "search-terms": ["ProtectedRoute", "React route guard", "authentication redirect", "react-router", "AuthContext"], "state": 2, "file_id": 19, "knowledge_revision": 41, "git_revision": "", "ctags": [{"_type": "tag", "name": "ProtectedRoute", "path": "/home/kavia/workspace/code-generation/my-music-library-312322-312339/music_player_frontend/src/routes/ProtectedRoute.js", "pattern": "/^export function ProtectedRoute() {$/", "language": "JavaScript", "kind": "function", "signature": "()"}], "hash": "986844008453c3d2994f7db41221da62", "format-version": 4, "code-base-name": "music_player_frontend", "filename": "music_player_frontend/src/routes/ProtectedRoute.js", "revision_history": [{"41": ""}]}