{"is_source_file": true, "format": "JavaScript (React JSX)", "description": "This file serves as the main application entry point for a React-based music library frontend, setting up routing, context providers, and initial navigation logic.", "external_files": ["./pages/LoginPage", "./pages/RegisterPage", "./pages/LibraryPage", "./routes/ProtectedRoute", "./contexts/AuthContext", "./contexts/ToastContext", "./contexts/PlayerContext", "./App.css"], "external_methods": ["React", "BrowserRouter", "Navigate", "Route", "Routes"], "published": ["App"], "classes": [{"name": "App", "description": "Main application component initializing context providers and routing configuration."}], "methods": [{"name": "App()", "description": "Functional component that sets up context providers, routing, and navigation for the application.", "scope": "", "scopeKind": ""}], "calls": ["React", "BrowserRouter", "Navigate", "Route", "Routes"], "search-terms": ["React routing", "Context providers", "Navigation", "Main app component", "Protected route", "React application structure"], "state": 2, "file_id": 1, "knowledge_revision": 56, "git_revision": "e1cfbc1d76ec8d53845a561383c1d3a02602e5cc", "revision_history": [{"24": "e1cfbc1d76ec8d53845a561383c1d3a02602e5cc"}, {"56": "e1cfbc1d76ec8d53845a561383c1d3a02602e5cc"}], "ctags": [{"_type": "tag", "name": "App", "path": "/home/kavia/workspace/code-generation/my-music-library-312322-312339/music_player_frontend/src/App.js", "pattern": "/^function App() {$/", "language": "JavaScript", "kind": "function", "signature": "()"}], "hash": "26565cc2d94b341d459ccd1a383f0d9b", "format-version": 4, "code-base-name": "music_player_frontend", "filename": "music_player_frontend/src/App.js"}