{"is_source_file": true, "format": "JavaScript", "description": "This file defines a React context for managing toast notifications within a React application. It provides a context provider component and a custom hook for usage in other components.", "external_files": ["react"], "external_methods": ["React.createContext", "React.useCallback", "React.useContext", "React.useMemo", "React.useState"], "published": ["ToastProvider", "useToast"], "classes": [], "methods": [{"name": "makeId()", "description": "Generates a unique identifier for each toast message based on current timestamp and a random string.", "scope": "", "scopeKind": ""}, {"name": "ToastProvider({ children })", "description": "React component that provides toast notifications (success/error/info) across the app using React Context and manages toast state.", "scope": "", "scopeKind": ""}, {"name": "useToast()", "description": "Custom hook that provides access to toast notification functions and state within components.", "scope": "", "scopeKind": ""}], "calls": ["setTimeout", "setToasts", "makeId", "removeToast"], "search-terms": ["React Context", "toast notifications", "useCallback", "useContext", "useMemo", "ToastProvider", "useToast"], "state": 2, "file_id": 16, "knowledge_revision": 35, "git_revision": "", "ctags": [{"_type": "tag", "name": "ToastContext", "path": "/home/kavia/workspace/code-generation/my-music-library-312322-312339/music_player_frontend/src/contexts/ToastContext.js", "pattern": "/^const ToastContext = createContext(null);$/", "language": "JavaScript", "kind": "constant"}, {"_type": "tag", "name": "ToastProvider", "path": "/home/kavia/workspace/code-generation/my-music-library-312322-312339/music_player_frontend/src/contexts/ToastContext.js", "pattern": "/^export function ToastProvider({ children }) {$/", "language": "JavaScript", "kind": "function", "signature": "({ children })"}, {"_type": "tag", "name": "api", "path": "/home/kavia/workspace/code-generation/my-music-library-312322-312339/music_player_frontend/src/contexts/ToastContext.js", "pattern": "/^    <ToastContext.Provider value={api}>$/", "language": "JavaScript", "kind": "field", "scope": "Provider", "scopeKind": "class"}, {"_type": "tag", "name": "makeId", "path": "/home/kavia/workspace/code-generation/my-music-library-312322-312339/music_player_frontend/src/contexts/ToastContext.js", "pattern": "/^function makeId() {$/", "language": "JavaScript", "kind": "function", "signature": "()"}, {"_type": "tag", "name": "useToast", "path": "/home/kavia/workspace/code-generation/my-music-library-312322-312339/music_player_frontend/src/contexts/ToastContext.js", "pattern": "/^export function useToast() {$/", "language": "JavaScript", "kind": "function", "signature": "()"}], "hash": "826828c6f9c7586166e1b956ffdcb3b9", "format-version": 4, "code-base-name": "music_player_frontend", "filename": "music_player_frontend/src/contexts/ToastContext.js", "fields": [{"name": "<ToastContext.Provider value={api}>", "scope": "Provider", "scopeKind": "class", "description": "unavailable"}], "revision_history": [{"35": ""}]}