{"is_source_file": false, "format": "", "description": "", "external_files": [], "external_methods": [], "published": [], "classes": [], "methods": [], "calls": [], "search-terms": [], "state": 2, "file_id": 9, "knowledge_revision": 17, "git_revision": "e1cfbc1d76ec8d53845a561383c1d3a02602e5cc", "hash": "d2b40d02d5f7873d8a6713bad837edd4", "format-version": 4, "code-base-name": "music_player_frontend", "filename": "music_player_frontend/public/index.html", "revision_history": [{"17": "e1cfbc1d76ec8d53845a561383c1d3a02602e5cc"}]}