{"is_source_file": false, "format": "", "description": "", "external_files": [], "external_methods": [], "published": [], "classes": [], "methods": [], "calls": [], "search-terms": [], "state": 2, "file_id": 3, "knowledge_revision": 22, "git_revision": "e1cfbc1d76ec8d53845a561383c1d3a02602e5cc", "ctags": [], "hash": "1a77571e1a8cf36018a41bcedf60db75", "format-version": 4, "code-base-name": "music_player_frontend", "filename": "music_player_frontend/src/setupTests.js", "revision_history": [{"22": "e1cfbc1d76ec8d53845a561383c1d3a02602e5cc"}]}