{"is_source_file": false, "format": "", "description": "", "external_files": [], "external_methods": [], "published": [], "classes": [], "methods": [], "calls": [], "search-terms": [], "state": 2, "file_id": 7, "knowledge_revision": 16, "git_revision": "e1cfbc1d76ec8d53845a561383c1d3a02602e5cc", "hash": "be6538e7523bc2e9da0743133d784136", "format-version": 4, "code-base-name": "music_player_frontend", "filename": "music_player_frontend/eslint.config.mjs", "revision_history": [{"16": "e1cfbc1d76ec8d53845a561383c1d3a02602e5cc"}]}