{"is_source_file": true, "format": "JavaScript", "description": "This file defines a React context ('PlayerContext') and a provider component ('PlayerProvider') for managing music player state, such as current song, playback state, and controls like load and toggle play. It also exports a hook ('usePlayer') for accessing the player state and actions.", "external_files": ["react"], "external_methods": ["React.createContext", "React.useRef", "React.useState", "React.useCallback", "React.useMemo", "React.useContext"], "published": ["PlayerProvider", "usePlayer"], "classes": [], "methods": [{"name": "PlayerProvider({ children })", "description": "A React component that provides music player state and controls via context to its children.", "scope": "", "scopeKind": ""}, {"name": "usePlayer()", "description": "Custom React hook to access the player context and its state/actions.", "scope": "", "scopeKind": ""}], "calls": ["createContext", "useRef", "useState", "useCallback", "useMemo", "useContext", "audioRef.current", "audio.play", "audio.pause"], "search-terms": ["PlayerContext", "PlayerProvider", "usePlayer", "audioRef", "loadAndPlay", "togglePlay", "onEnded", "music player context", "react context music", "player state management"], "state": 2, "file_id": 18, "knowledge_revision": 40, "git_revision": "", "ctags": [{"_type": "tag", "name": "PlayerContext", "path": "/home/kavia/workspace/code-generation/my-music-library-312322-312339/music_player_frontend/src/contexts/PlayerContext.js", "pattern": "/^const PlayerContext = createContext(null);$/", "language": "JavaScript", "kind": "constant"}, {"_type": "tag", "name": "PlayerProvider", "path": "/home/kavia/workspace/code-generation/my-music-library-312322-312339/music_player_frontend/src/contexts/PlayerContext.js", "pattern": "/^export function PlayerProvider({ children }) {$/", "language": "JavaScript", "kind": "function", "signature": "({ children })"}, {"_type": "tag", "name": "api", "path": "/home/kavia/workspace/code-generation/my-music-library-312322-312339/music_player_frontend/src/contexts/PlayerContext.js", "pattern": "/^  return <PlayerContext.Provider value={api}>{children}<\\/PlayerContext.Provider>;$/", "language": "JavaScript", "kind": "field", "scope": "Provider", "scopeKind": "class"}, {"_type": "tag", "name": "usePlayer", "path": "/home/kavia/workspace/code-generation/my-music-library-312322-312339/music_player_frontend/src/contexts/PlayerContext.js", "pattern": "/^export function usePlayer() {$/", "language": "JavaScript", "kind": "function", "signature": "()"}], "hash": "f3f427c140a831f951741b55cb8cb4e8", "format-version": 4, "code-base-name": "music_player_frontend", "filename": "music_player_frontend/src/contexts/PlayerContext.js", "fields": [{"name": "return <PlayerContext.Provider value={api}>{children}<\\/PlayerContext.Provider>;", "scope": "Provider", "scopeKind": "class", "description": "unavailable"}], "revision_history": [{"40": ""}]}