{"is_source_file": true, "format": "JavaScript (React JSX)", "description": "This file defines a LoginPage component for a React-based frontend. It manages the login form, handles user authentication, displays success or error toasts, and navigates upon successful login.", "external_files": ["../components/AuthForm", "../contexts/AuthContext", "../contexts/ToastContext", "react", "react-router-dom"], "external_methods": ["useAuth", "useToast", "useNavigate", "login", "pushToast"], "published": ["LoginPage"], "classes": [], "methods": [{"name": "LoginPage()", "description": "React functional component that renders the login form, manages login process, displays notifications, and navigation.", "scope": "", "scopeKind": ""}, {"name": "handleSubmit", "description": "Async function that handles form submission, performs login, displays appropriate toasts, and handles errors."}], "calls": ["useAuth", "useToast", "useNavigate", "login", "pushToast", "setServerError", "setSubmitting", "navigate", "AuthForm"], "search-terms": ["React LoginPage", "useAuth hook", "useToast hook", "react-router-dom navigation", "AuthForm component", "login handling"], "state": 2, "file_id": 25, "knowledge_revision": 54, "git_revision": "", "ctags": [{"_type": "tag", "name": "LoginPage", "path": "/home/kavia/workspace/code-generation/my-music-library-312322-312339/music_player_frontend/src/pages/LoginPage.js", "pattern": "/^export function LoginPage() {$/", "language": "JavaScript", "kind": "function", "signature": "()"}], "hash": "5986b9ce9a6d31fd29a172609ccaa072", "format-version": 4, "code-base-name": "music_player_frontend", "filename": "music_player_frontend/src/pages/LoginPage.js", "revision_history": [{"54": ""}]}