{"is_source_file": true, "format": "JavaScript (React JSX)", "description": "This file defines a React component 'UploadForm' that provides a user interface for uploading MP3 files along with optional title and artist information. It handles file validation, form submission, and interacts with external APIs and context for authentication and notifications.", "external_files": ["../api/songs", "../contexts/AuthContext", "../contexts/ToastContext"], "external_methods": ["uploadSong", "useAuth", "useToast"], "published": ["UploadForm"], "classes": [], "methods": [{"name": "isMp3(file)", "description": "Utility function to determine if a given file is an MP3 based on MIME type or filename extension.", "scope": "", "scopeKind": ""}, {"name": "UploadForm({ onUploaded })", "description": "React functional component that renders a form for uploading an MP3 file with optional metadata.", "scope": "", "scopeKind": ""}], "calls": ["uploadSong", "useAuth", "useToast", "setFile", "setTitle", "setArtist", "setSubmitting", "setError", "pushToast", "onUploaded"], "search-terms": ["UploadForm", "MP3 upload React component", "useAuth", "useToast", "uploadSong"], "state": 2, "file_id": 21, "knowledge_revision": 45, "git_revision": "", "ctags": [{"_type": "tag", "name": "UploadForm", "path": "/home/kavia/workspace/code-generation/my-music-library-312322-312339/music_player_frontend/src/components/UploadForm.js", "pattern": "/^export function UploadForm({ onUploaded }) {$/", "language": "JavaScript", "kind": "function", "signature": "({ onUploaded })"}, {"_type": "tag", "name": "artist", "path": "/home/kavia/workspace/code-generation/my-music-library-312322-312339/music_player_frontend/src/components/UploadForm.js", "pattern": "/^          value={artist}$/", "language": "JavaScript", "kind": "field", "scope": "UploadForm.value", "scopeKind": "class"}, {"_type": "tag", "name": "isMp3", "path": "/home/kavia/workspace/code-generation/my-music-library-312322-312339/music_player_frontend/src/components/UploadForm.js", "pattern": "/^function isMp3(file) {$/", "language": "JavaScript", "kind": "function", "signature": "(file)"}, {"_type": "tag", "name": "title", "path": "/home/kavia/workspace/code-generation/my-music-library-312322-312339/music_player_frontend/src/components/UploadForm.js", "pattern": "/^          value={title}$/", "language": "JavaScript", "kind": "field", "scope": "UploadForm.value", "scopeKind": "class"}], "hash": "c44112692db2fbb7c3029c563ebf72e4", "format-version": 4, "code-base-name": "music_player_frontend", "filename": "music_player_frontend/src/components/UploadForm.js", "fields": [{"name": "value={artist}", "scope": "UploadForm.value", "scopeKind": "class", "description": "unavailable"}, {"name": "value={title}", "scope": "UploadForm.value", "scopeKind": "class", "description": "unavailable"}], "revision_history": [{"45": ""}]}