{"is_source_file": false, "format": "", "description": "", "external_files": [], "external_methods": [], "published": [], "classes": [], "methods": [], "calls": [], "search-terms": [], "state": 2, "file_id": 2, "knowledge_revision": 27, "git_revision": "e1cfbc1d76ec8d53845a561383c1d3a02602e5cc", "hash": "d0f661ea4208db35c6c37144fbc2510b", "format-version": 4, "code-base-name": "music_player_frontend", "filename": "music_player_frontend/src/index.css", "revision_history": [{"27": "e1cfbc1d76ec8d53845a561383c1d3a02602e5cc"}]}