{"is_source_file": true, "format": "JavaScript (React JSX)", "description": "Defines a React functional component 'PlayerBar' that renders the bottom audio player interface with controls and song information.", "external_files": ["../contexts/PlayerContext"], "external_methods": ["usePlayer"], "published": ["PlayerBar"], "classes": [], "methods": [{"name": "PlayerBar()", "description": "React functional component rendering the audio player interface, utilizing context values for playback control and display.", "scope": "", "scopeKind": ""}], "calls": ["usePlayer", "togglePlay", "onEnded"], "search-terms": ["React", "PlayerBar", "audioRef", "usePlayer", "audio", "player-controls", "currentSong", "togglePlay", "onEnded"], "state": 2, "file_id": 23, "knowledge_revision": 51, "git_revision": "", "ctags": [{"_type": "tag", "name": "PlayerBar", "path": "/home/kavia/workspace/code-generation/my-music-library-312322-312339/music_player_frontend/src/components/PlayerBar.js", "pattern": "/^export function PlayerBar() {$/", "language": "JavaScript", "kind": "function", "signature": "()"}, {"_type": "tag", "name": "audioRef", "path": "/home/kavia/workspace/code-generation/my-music-library-312322-312339/music_player_frontend/src/components/PlayerBar.js", "pattern": "/^            ref={audioRef}$/", "language": "JavaScript", "kind": "field", "scope": "PlayerBar.ref", "scopeKind": "class"}, {"_type": "tag", "name": "isPlaying", "path": "/home/kavia/workspace/code-generation/my-music-library-312322-312339/music_player_frontend/src/components/PlayerBar.js", "pattern": "/^            aria-label={isPlaying ? \"Pause\" : \"Play\"}$/", "language": "JavaScript", "kind": "field", "scope": "PlayerBar.aria", "scopeKind": "class"}, {"_type": "tag", "name": "onEnded", "path": "/home/kavia/workspace/code-generation/my-music-library-312322-312339/music_player_frontend/src/components/PlayerBar.js", "pattern": "/^            onEnded={onEnded}$/", "language": "JavaScript", "kind": "field", "scope": "PlayerBar.onEnded", "scopeKind": "class"}, {"_type": "tag", "name": "togglePlay", "path": "/home/kavia/workspace/code-generation/my-music-library-312322-312339/music_player_frontend/src/components/PlayerBar.js", "pattern": "/^            onClick={togglePlay}$/", "language": "JavaScript", "kind": "field", "scope": "PlayerBar.onClick", "scopeKind": "class"}], "hash": "6c0b0e4f55ceb3702604ad3008376dcd", "format-version": 4, "code-base-name": "music_player_frontend", "filename": "music_player_frontend/src/components/PlayerBar.js", "fields": [{"name": "ref={audioRef}", "scope": "PlayerBar.ref", "scopeKind": "class", "description": "unavailable"}, {"name": "aria-label={isPlaying ? \"Pause\" : \"Play\"}", "scope": "PlayerBar.aria", "scopeKind": "class", "description": "unavailable"}, {"name": "onEnded={onEnded}", "scope": "PlayerBar.onEnded", "scopeKind": "class", "description": "unavailable"}, {"name": "onClick={togglePlay}", "scope": "PlayerBar.onClick", "scopeKind": "class", "description": "unavailable"}], "revision_history": [{"51": ""}]}