{"is_source_file": true, "format": "JavaScript (React JSX)", "description": "This file is the entry point of a React-based frontend application. It initializes the React application by rendering the main <App /> component into the DOM element with id 'root'.", "external_files": ["react", "react-dom/client", "./index.css", "./App"], "external_methods": ["ReactDOM.createRoot"], "published": [], "classes": [], "methods": [{"name": "root.render", "description": "Renders the React component tree starting with <App /> inside the DOM element with id 'root'."}], "calls": ["ReactDOM.createRoot", "root.render"], "search-terms": ["React", "ReactDOM", "index.js", "frontend entry point", "React.StrictMode", "App component", "root.render"], "state": 3, "file_id": 4, "knowledge_revision": 25, "git_revision": "e1cfbc1d76ec8d53845a561383c1d3a02602e5cc", "ctags": [{"_type": "tag", "name": "root", "path": "/home/kavia/workspace/code-generation/my-music-library-312322-312339/music_player_frontend/src/index.js", "pattern": "/^const root = ReactDOM.createRoot(document.getElementById('root'));$/", "language": "JavaScript", "kind": "constant"}], "hash": "9fc5841375336fc175b49f8767a11383", "format-version": 4, "code-base-name": "music_player_frontend", "filename": "music_player_frontend/src/index.js", "revision_history": [{"25": "e1cfbc1d76ec8d53845a561383c1d3a02602e5cc"}]}