{"is_source_file": true, "format": "JavaScript (React JSX)", "description": "A React functional component named AuthForm that renders a user authentication form for login and registration modes with client-side validation, handling user input, and displaying validation errors.", "external_files": ["react"], "external_methods": ["React, { useMemo, useState }"], "published": ["AuthForm"], "classes": [], "methods": [{"name": "AuthForm({ mode, onSubmit, submitting, serverError })", "description": "A React functional component that provides a form for user authentication, supporting login and registration modes with validations and error messages.", "scope": "", "scopeKind": ""}], "calls": ["React", "useMemo", "useState", "setEmail", "setPassword", "setConfirm", "onSubmit", "e.preventDefault"], "search-terms": ["React AuthForm", "client-side validation", "registration form", "login form", "password confirmation", "React useMemo", "React useState"], "state": 2, "file_id": 20, "knowledge_revision": 44, "git_revision": "", "ctags": [{"_type": "tag", "name": "AuthForm", "path": "/home/kavia/workspace/code-generation/my-music-library-312322-312339/music_player_frontend/src/components/AuthForm.js", "pattern": "/^export function AuthForm({ mode, onSubmit, submitting, serverError }) {$/", "language": "JavaScript", "kind": "function", "signature": "({ mode, onSubmit, submitting, serverError })"}, {"_type": "tag", "name": "email", "path": "/home/kavia/workspace/code-generation/my-music-library-312322-312339/music_player_frontend/src/components/AuthForm.js", "pattern": "/^          value={email}$/", "language": "JavaScript", "kind": "field", "scope": "AuthForm.value", "scopeKind": "class"}, {"_type": "tag", "name": "isRegister", "path": "/home/kavia/workspace/code-generation/my-music-library-312322-312339/music_player_frontend/src/components/AuthForm.js", "pattern": "/^          autoComplete={isRegister ? \"new-password\" : \"current-password\"}$/", "language": "JavaScript", "kind": "field", "scope": "AuthForm.autoComplete", "scopeKind": "class"}, {"_type": "tag", "name": "password", "path": "/home/kavia/workspace/code-generation/my-music-library-312322-312339/music_player_frontend/src/components/AuthForm.js", "pattern": "/^          value={password}$/", "language": "JavaScript", "kind": "field", "scope": "AuthForm.value", "scopeKind": "class"}], "hash": "5a8f79151434a01e6e1b4870c2390e03", "format-version": 4, "code-base-name": "music_player_frontend", "filename": "music_player_frontend/src/components/AuthForm.js", "fields": [{"name": "value={email}", "scope": "AuthForm.value", "scopeKind": "class", "description": "unavailable"}, {"name": "autoComplete={isRegister ? \"new-password\" : \"current-password\"}", "scope": "AuthForm.autoComplete", "scopeKind": "class", "description": "unavailable"}, {"name": "value={password}", "scope": "AuthForm.value", "scopeKind": "class", "description": "unavailable"}], "revision_history": [{"44": ""}]}