{"is_source_file": true, "format": "JavaScript (React JSX)", "description": "This file defines a React component named UploadForm that provides a user interface for uploading MP3 files, including validation and interaction with an API endpoint.", "external_files": ["../api/songs", "../contexts/ToastContext"], "external_methods": ["uploadSong", "useToast"], "published": ["UploadForm"], "classes": [], "methods": [{"name": "isMp3(file)", "description": "Helper function to check if a given file is an MP3 based on MIME type or filename extension.", "scope": "", "scopeKind": ""}, {"name": "UploadForm({ onUploaded })", "description": "React component that renders a form for uploading an MP3 file, with support for optional title and artist fields, validation, and toast notifications.", "scope": "", "scopeKind": ""}], "calls": ["uploadSong", "useToast", "setFile", "setTitle", "setArtist", "setSubmitting", "setError", "pushToast"], "search-terms": ["React UploadForm MP3", "useToast context", "uploadSong API", "audio/mpeg validation", "React file upload component"], "state": 2, "file_id": 21, "knowledge_revision": 66, "git_revision": "b650150fec1933f47fc4ea610ed0056b005ad455", "revision_history": [{"45": ""}, {"66": "b650150fec1933f47fc4ea610ed0056b005ad455"}], "ctags": [{"_type": "tag", "name": "UploadForm", "path": "/home/kavia/workspace/code-generation/my-music-library-312322-312339/music_player_frontend/src/components/UploadForm.js", "pattern": "/^export function UploadForm({ onUploaded }) {$/", "language": "JavaScript", "kind": "function", "signature": "({ onUploaded })"}, {"_type": "tag", "name": "artist", "path": "/home/kavia/workspace/code-generation/my-music-library-312322-312339/music_player_frontend/src/components/UploadForm.js", "pattern": "/^          value={artist}$/", "language": "JavaScript", "kind": "field", "scope": "UploadForm.value", "scopeKind": "class"}, {"_type": "tag", "name": "isMp3", "path": "/home/kavia/workspace/code-generation/my-music-library-312322-312339/music_player_frontend/src/components/UploadForm.js", "pattern": "/^function isMp3(file) {$/", "language": "JavaScript", "kind": "function", "signature": "(file)"}, {"_type": "tag", "name": "title", "path": "/home/kavia/workspace/code-generation/my-music-library-312322-312339/music_player_frontend/src/components/UploadForm.js", "pattern": "/^          value={title}$/", "language": "JavaScript", "kind": "field", "scope": "UploadForm.value", "scopeKind": "class"}], "hash": "3689f607b0b23afed7e593053eeff145", "format-version": 4, "code-base-name": "music_player_frontend", "filename": "music_player_frontend/src/components/UploadForm.js", "fields": [{"name": "value={artist}", "scope": "UploadForm.value", "scopeKind": "class", "description": "unavailable"}, {"name": "value={title}", "scope": "UploadForm.value", "scopeKind": "class", "description": "unavailable"}]}