{"is_source_file": true, "format": "JavaScript", "description": "React component for the application header, providing branding and user authentication actions such as displaying user info and logout functionality.", "external_files": ["../contexts/AuthContext", "../contexts/ToastContext", "react", "react-router-dom"], "external_methods": ["useAuth", "useToast", "useNavigate", "logout", "pushToast"], "published": ["Header"], "classes": [], "methods": [{"name": "Header()", "description": "Functional React component rendering the application header with branding, user info, and navigation actions.", "scope": "", "scopeKind": ""}, {"name": "doLogout", "description": "Handles user logout action: logs out the user, displays a toast notification, and navigates to the login page."}], "calls": ["useAuth", "useToast", "useNavigate", "logout", "pushToast", "navigate"], "search-terms": ["Header React component", "AuthContext", "ToastContext", "logout", "Header branding", "user email display", "navigation"], "state": 2, "file_id": 24, "knowledge_revision": 52, "git_revision": "", "ctags": [{"_type": "tag", "name": "Header", "path": "/home/kavia/workspace/code-generation/my-music-library-312322-312339/music_player_frontend/src/components/Header.js", "pattern": "/^export function Header() {$/", "language": "JavaScript", "kind": "function", "signature": "()"}], "hash": "6610aa8e86e910552d79edb0b7637691", "format-version": 4, "code-base-name": "music_player_frontend", "filename": "music_player_frontend/src/components/Header.js", "revision_history": [{"52": ""}]}