{"is_source_file": true, "format": "JavaScript (React JSX)", "description": "This file defines a React component named SongList which displays a list of songs with loading, error handling, and refresh capabilities. It includes helper functions for formatting song durations and normalizing song objects received from various backend payload formats.", "external_files": [], "external_methods": ["React"], "published": ["SongList"], "classes": [], "methods": [{"name": "formatDuration(seconds)", "description": "Formats a duration in seconds into a 'minutes:seconds' string, handling invalid inputs.", "scope": "", "scopeKind": ""}, {"name": "normalizeSong(raw)", "description": "Converts raw song data into a normalized object with consistent keys, supporting various backend payloads.", "scope": "", "scopeKind": ""}, {"name": "SongList({ songs, loading, error, onPlay, onRefresh })", "scope": "", "scopeKind": "", "description": "unavailable"}], "calls": ["React", "normalizeSong", "formatDuration", "onPlay"], "search-terms": ["React", "SongList", "formatDuration", "normalizeSong", "song-row", "music_player_frontend", "components", "Loading state", "error handling", "Playback controls"], "state": 2, "file_id": 22, "knowledge_revision": 49, "git_revision": "", "ctags": [{"_type": "tag", "name": "SongList", "path": "/home/kavia/workspace/code-generation/my-music-library-312322-312339/music_player_frontend/src/components/SongList.js", "pattern": "/^export function SongList({ songs, loading, error, onPlay, onRefresh }) {$/", "language": "JavaScript", "kind": "function", "signature": "({ songs, loading, error, onPlay, onRefresh })"}, {"_type": "tag", "name": "formatDuration", "path": "/home/kavia/workspace/code-generation/my-music-library-312322-312339/music_player_frontend/src/components/SongList.js", "pattern": "/^function formatDuration(seconds) {$/", "language": "JavaScript", "kind": "function", "signature": "(seconds)"}, {"_type": "tag", "name": "normalizeSong", "path": "/home/kavia/workspace/code-generation/my-music-library-312322-312339/music_player_frontend/src/components/SongList.js", "pattern": "/^function normalizeSong(raw) {$/", "language": "JavaScript", "kind": "function", "signature": "(raw)"}], "hash": "834101470990f3289972926f1cd5c7c1", "format-version": 4, "code-base-name": "music_player_frontend", "filename": "music_player_frontend/src/components/SongList.js", "revision_history": [{"49": ""}]}