{"is_source_file": true, "format": "JavaScript", "description": "React JS component for the music library page, managing song list, loading state, and playback controls.", "external_files": ["../components/Header", "../components/UploadForm", "../components/SongList", "../components/PlayerBar", "../api/songs", "../contexts/PlayerContext", "../contexts/ToastContext"], "external_methods": ["listSongs", "getSongStreamUrl", "usePlayer", "useToast"], "published": ["LibraryPage"], "classes": [], "methods": [{"name": "normalizeListResponse(data)", "description": "Normalizes different backend response formats into an array of songs.", "scope": "", "scopeKind": ""}, {"name": "handlePlay", "description": "Handles playback of a selected song by fetching stream URL and invoking loadAndPlay."}, {"name": "LibraryPage()", "scope": "", "scopeKind": "", "description": "unavailable"}], "calls": ["listSongs", "getSongStreamUrl", "usePlayer.loadAndPlay", "useToast.pushToast"], "search-terms": ["LibraryPage", "React", "useState", "useEffect", "normalizeListResponse", "loadAndPlay", "songs", "SongList", "UploadForm", "PlayerBar"], "state": 2, "file_id": 27, "knowledge_revision": 64, "git_revision": "b650150fec1933f47fc4ea610ed0056b005ad455", "revision_history": [{"60": "b650150fec1933f47fc4ea610ed0056b005ad455"}, {"64": "b650150fec1933f47fc4ea610ed0056b005ad455"}], "ctags": [{"_type": "tag", "name": "LibraryPage", "path": "/home/kavia/workspace/code-generation/my-music-library-312322-312339/music_player_frontend/src/pages/LibraryPage.js", "pattern": "/^export function LibraryPage() {$/", "language": "JavaScript", "kind": "function", "signature": "()"}, {"_type": "tag", "name": "handlePlay", "path": "/home/kavia/workspace/code-generation/my-music-library-312322-312339/music_player_frontend/src/pages/LibraryPage.js", "pattern": "/^                onPlay={handlePlay}$/", "language": "JavaScript", "kind": "field", "scope": "LibraryPage.onPlay", "scopeKind": "class"}, {"_type": "tag", "name": "loadingSongs", "path": "/home/kavia/workspace/code-generation/my-music-library-312322-312339/music_player_frontend/src/pages/LibraryPage.js", "pattern": "/^                loading={loadingSongs}$/", "language": "JavaScript", "kind": "field", "scope": "LibraryPage.loading", "scopeKind": "class"}, {"_type": "tag", "name": "normalizeListResponse", "path": "/home/kavia/workspace/code-generation/my-music-library-312322-312339/music_player_frontend/src/pages/LibraryPage.js", "pattern": "/^function normalizeListResponse(data) {$/", "language": "JavaScript", "kind": "function", "signature": "(data)"}, {"_type": "tag", "name": "refreshSongs", "path": "/home/kavia/workspace/code-generation/my-music-library-312322-312339/music_player_frontend/src/pages/LibraryPage.js", "pattern": "/^                onRefresh={refreshSongs}$/", "language": "JavaScript", "kind": "field", "scope": "LibraryPage.onRefresh", "scopeKind": "class"}, {"_type": "tag", "name": "songs", "path": "/home/kavia/workspace/code-generation/my-music-library-312322-312339/music_player_frontend/src/pages/LibraryPage.js", "pattern": "/^                songs={songs}$/", "language": "JavaScript", "kind": "field", "scope": "LibraryPage.songs", "scopeKind": "class"}, {"_type": "tag", "name": "songsError", "path": "/home/kavia/workspace/code-generation/my-music-library-312322-312339/music_player_frontend/src/pages/LibraryPage.js", "pattern": "/^                error={songsError}$/", "language": "JavaScript", "kind": "field", "scope": "LibraryPage.error", "scopeKind": "class"}], "hash": "90450c0d695c19c629fd0f6c8472d9e4", "format-version": 4, "code-base-name": "music_player_frontend", "filename": "music_player_frontend/src/pages/LibraryPage.js", "fields": [{"name": "onPlay={handlePlay}", "scope": "LibraryPage.onPlay", "scopeKind": "class", "description": "unavailable"}, {"name": "loading={loadingSongs}", "scope": "LibraryPage.loading", "scopeKind": "class", "description": "unavailable"}, {"name": "onRefresh={refreshSongs}", "scope": "LibraryPage.onRefresh", "scopeKind": "class", "description": "unavailable"}, {"name": "songs={songs}", "scope": "LibraryPage.songs", "scopeKind": "class", "description": "unavailable"}, {"name": "error={songsError}", "scope": "LibraryPage.error", "scopeKind": "class", "description": "unavailable"}]}