{"is_source_file": true, "format": "JavaScript", "description": "This file provides frontend functions for managing songs, including listing all songs, uploading a new song, and retrieving a streaming URL for a specific song. It exports public functions for making API requests related to songs within a music player frontend.", "external_files": ["./client"], "external_methods": ["apiRequest", "getStreamUrl"], "published": ["listSongs", "uploadSong", "getSongStreamUrl"], "classes": [], "methods": [{"name": "listSongs()", "description": "Fetches all songs via the GET /songs endpoint.", "scope": "", "scopeKind": ""}, {"name": "uploadSong({ file, title, artist })", "description": "Uploads an mp3 file with optional title and artist via the POST /songs/upload endpoint.", "scope": "", "scopeKind": ""}, {"name": "getSongStreamUrl({ songId })", "description": "Returns a streaming URL for a given song ID.", "scope": "", "scopeKind": ""}], "calls": ["apiRequest(\"/songs\", { method: \"GET\" })", "apiRequest(\"/songs/upload\", { method: \"POST\", body: form })", "getStreamUrl(songId)"], "search-terms": ["songs.js", "music_player_frontend", "listSongs", "uploadSong", "getSongStreamUrl", "apiRequest", "getStreamUrl"], "state": 2, "file_id": 15, "knowledge_revision": 63, "git_revision": "b650150fec1933f47fc4ea610ed0056b005ad455", "revision_history": [{"34": ""}, {"63": "b650150fec1933f47fc4ea610ed0056b005ad455"}], "ctags": [{"_type": "tag", "name": "getSongStreamUrl", "path": "/home/kavia/workspace/code-generation/my-music-library-312322-312339/music_player_frontend/src/api/songs.js", "pattern": "/^export function getSongStreamUrl({ songId }) {$/", "language": "JavaScript", "kind": "function", "signature": "({ songId })"}, {"_type": "tag", "name": "listSongs", "path": "/home/kavia/workspace/code-generation/my-music-library-312322-312339/music_player_frontend/src/api/songs.js", "pattern": "/^export async function listSongs() {$/", "language": "JavaScript", "kind": "function", "signature": "()"}, {"_type": "tag", "name": "uploadSong", "path": "/home/kavia/workspace/code-generation/my-music-library-312322-312339/music_player_frontend/src/api/songs.js", "pattern": "/^export async function uploadSong({ file, title, artist }) {$/", "language": "JavaScript", "kind": "function", "signature": "({ file, title, artist })"}], "hash": "d00da17c5cd28cba914ee1887aa87146", "format-version": 4, "code-base-name": "music_player_frontend", "filename": "music_player_frontend/src/api/songs.js"}