{"is_source_file": true, "format": "JavaScript", "description": "This file defines a minimal API client for a frontend application, handling API requests, URL construction, error handling, and stream URL generation. It facilitates communication with a backend server, primarily over fetch API, with environment variable configuration for base URLs.", "external_files": ["fetch"], "external_methods": [], "published": ["apiRequest", "getStreamUrl"], "classes": [], "methods": ["defaultBaseUrl", "getApiBaseUrl", "safeReadJson", "buildErrorMessage", "apiRequest", "getStreamUrl"], "calls": ["fetch"], "search-terms": ["API client", "fetch", "error handling", "base URL configuration", "stream URL"], "state": 2, "file_id": 13, "knowledge_revision": 71, "git_revision": "6e685e700c0338d6cf2ed275c94a1effdd7eb9a3", "revision_history": [{"29": ""}, {"62": "b650150fec1933f47fc4ea610ed0056b005ad455"}, {"70": "6e685e700c0338d6cf2ed275c94a1effdd7eb9a3"}, {"71": "6e685e700c0338d6cf2ed275c94a1effdd7eb9a3"}], "ctags": [{"_type": "tag", "name": "apiRequest", "path": "/home/kavia/workspace/code-generation/my-music-library-312322-312339/music_player_frontend/src/api/client.js", "pattern": "/^export async function apiRequest(path, { method = \"GET\", headers, body } = {}) {$/", "language": "JavaScript", "kind": "function", "signature": "(path, { method = \"GET\", headers, body } = {})"}, {"_type": "tag", "name": "buildErrorMessage", "path": "/home/kavia/workspace/code-generation/my-music-library-312322-312339/music_player_frontend/src/api/client.js", "pattern": "/^function buildErrorMessage({ response, json }) {$/", "language": "JavaScript", "kind": "function", "signature": "({ response, json })"}, {"_type": "tag", "name": "defaultBaseUrl", "path": "/home/kavia/workspace/code-generation/my-music-library-312322-312339/music_player_frontend/src/api/client.js", "pattern": "/^function defaultBaseUrl() {$/", "language": "JavaScript", "kind": "function", "signature": "()"}, {"_type": "tag", "name": "getApiBaseUrl", "path": "/home/kavia/workspace/code-generation/my-music-library-312322-312339/music_player_frontend/src/api/client.js", "pattern": "/^function getApiBaseUrl() {$/", "language": "JavaScript", "kind": "function", "signature": "()"}, {"_type": "tag", "name": "getStreamUrl", "path": "/home/kavia/workspace/code-generation/my-music-library-312322-312339/music_player_frontend/src/api/client.js", "pattern": "/^export function getStreamUrl(songId) {$/", "language": "JavaScript", "kind": "function", "signature": "(songId)"}, {"_type": "tag", "name": "safeReadJson", "path": "/home/kavia/workspace/code-generation/my-music-library-312322-312339/music_player_frontend/src/api/client.js", "pattern": "/^async function safeReadJson(response) {$/", "language": "JavaScript", "kind": "function", "signature": "(response)"}], "hash": "c903bee058619b00ef0422c5e344900e", "format-version": 4, "code-base-name": "music_player_frontend", "filename": "music_player_frontend/src/api/client.js"}