{"is_source_file": true, "format": "JavaScript", "description": "This file defines a minimal API client for a React-based frontend application, encapsulating fetch requests, URL construction, error handling, and exporting functions to interact with a backend API specifically for music-related data.", "external_files": ["none (depends on fetch API and environment variables)"], "external_methods": ["fetch"], "published": ["apiRequest", "getStreamUrl"], "classes": [], "methods": [{"name": "getApiBaseUrl()", "description": "Retrieves the base URL for API requests, reading from environment variables with a fallback to a default.", "scope": "", "scopeKind": ""}, {"name": "safeReadJson(response)", "description": "Safely reads JSON from a Response object, returning null if parsing fails.", "scope": "", "scopeKind": ""}, {"name": "buildErrorMessage({ response, json })", "description": "Constructs a detailed error message based on a failed HTTP response and optional JSON error body.", "scope": "", "scopeKind": ""}, {"name": "apiRequest(path, { method = \"GET\", headers, body } = {})", "description": "Performs an HTTP request to the backend API, handling JSON and errors, and returning response data.", "scope": "", "scopeKind": ""}, {"name": "getStreamUrl(songId)", "description": "Returns the absolute streaming URL for a specific song based on its ID.", "scope": "", "scopeKind": ""}], "calls": ["fetch", "getApiBaseUrl()", "safeReadJson()", "buildErrorMessage()"], "search-terms": ["music_api_client", "fetch-based API", "error handling", "stream URL", "React environment variable"], "state": 2, "file_id": 13, "knowledge_revision": 62, "git_revision": "b650150fec1933f47fc4ea610ed0056b005ad455", "revision_history": [{"29": ""}, {"62": "b650150fec1933f47fc4ea610ed0056b005ad455"}], "ctags": [{"_type": "tag", "name": "DEFAULT_BASE_URL", "path": "/home/kavia/workspace/code-generation/my-music-library-312322-312339/music_player_frontend/src/api/client.js", "pattern": "/^const DEFAULT_BASE_URL = \"http:\\/\\/localhost:3001\";$/", "language": "JavaScript", "kind": "constant"}, {"_type": "tag", "name": "apiRequest", "path": "/home/kavia/workspace/code-generation/my-music-library-312322-312339/music_player_frontend/src/api/client.js", "pattern": "/^export async function apiRequest(path, { method = \"GET\", headers, body } = {}) {$/", "language": "JavaScript", "kind": "function", "signature": "(path, { method = \"GET\", headers, body } = {})"}, {"_type": "tag", "name": "buildErrorMessage", "path": "/home/kavia/workspace/code-generation/my-music-library-312322-312339/music_player_frontend/src/api/client.js", "pattern": "/^function buildErrorMessage({ response, json }) {$/", "language": "JavaScript", "kind": "function", "signature": "({ response, json })"}, {"_type": "tag", "name": "getApiBaseUrl", "path": "/home/kavia/workspace/code-generation/my-music-library-312322-312339/music_player_frontend/src/api/client.js", "pattern": "/^function getApiBaseUrl() {$/", "language": "JavaScript", "kind": "function", "signature": "()"}, {"_type": "tag", "name": "getStreamUrl", "path": "/home/kavia/workspace/code-generation/my-music-library-312322-312339/music_player_frontend/src/api/client.js", "pattern": "/^export function getStreamUrl(songId) {$/", "language": "JavaScript", "kind": "function", "signature": "(songId)"}, {"_type": "tag", "name": "safeReadJson", "path": "/home/kavia/workspace/code-generation/my-music-library-312322-312339/music_player_frontend/src/api/client.js", "pattern": "/^async function safeReadJson(response) {$/", "language": "JavaScript", "kind": "function", "signature": "(response)"}], "hash": "27034c423d3f8b4dcf6a8928afa0a4d2", "format-version": 4, "code-base-name": "music_player_frontend", "filename": "music_player_frontend/src/api/client.js"}