{"is_source_file": false, "format": "", "description": "", "external_files": [], "external_methods": [], "published": [], "classes": [], "methods": [], "calls": [], "search-terms": [], "state": 2, "file_id": 10, "knowledge_revision": 21, "git_revision": "e1cfbc1d76ec8d53845a561383c1d3a02602e5cc", "hash": "ebece526bc2eadd78ddd787a76c56607", "format-version": 4, "code-base-name": "music_player_frontend", "filename": "music_player_frontend/README.md", "revision_history": [{"21": "e1cfbc1d76ec8d53845a561383c1d3a02602e5cc"}]}