{"is_source_file": false, "format": "", "description": "", "external_files": [], "external_methods": [], "published": [], "classes": [], "methods": [], "calls": [], "search-terms": [], "state": 2, "file_id": 5, "knowledge_revision": 26, "git_revision": "e1cfbc1d76ec8d53845a561383c1d3a02602e5cc", "hash": "15cf8e00361ff65fbdc4def48d924a3b", "format-version": 4, "code-base-name": "music_player_frontend", "filename": "music_player_frontend/src/App.css", "revision_history": [{"26": "e1cfbc1d76ec8d53845a561383c1d3a02602e5cc"}]}