{"is_source_file": true, "format": "JavaScript", "description": "This is a JavaScript source file that sets up and renders the React application's root component into the DOM.", "external_files": ["react", "react-dom/client", "./index.css", "./App"], "external_methods": ["ReactDOM.createRoot", "ReactDOM.createRoot().render", "React.StrictMode", "App"], "published": [], "classes": [], "methods": [{"name": "root.render", "description": "Renders the React application wrapped in StrictMode into the DOM."}], "calls": ["ReactDOM.createRoot", "root.render", "React.StrictMode", "App"], "search-terms": ["React", "render", "ReactDOM", "index.js", "front-end setup"], "state": 2, "file_id": 4, "knowledge_revision": 57, "git_revision": "e1cfbc1d76ec8d53845a561383c1d3a02602e5cc", "revision_history": [{"25": "e1cfbc1d76ec8d53845a561383c1d3a02602e5cc"}, {"57": "e1cfbc1d76ec8d53845a561383c1d3a02602e5cc"}], "ctags": [{"_type": "tag", "name": "root", "path": "/home/kavia/workspace/code-generation/my-music-library-312322-312339/music_player_frontend/src/index.js", "pattern": "/^const root = ReactDOM.createRoot(document.getElementById(\"root\"));$/", "language": "JavaScript", "kind": "constant"}], "hash": "c5fdafd1d21c91382ec28c1710d2c642", "format-version": 4, "code-base-name": "music_player_frontend", "filename": "music_player_frontend/src/index.js"}