{"is_source_file": true, "format": "JavaScript", "description": "This file defines a React component called RegisterPage, which presents a user registration form with validation, handles form submission, manages navigation upon successful registration, and displays error messages and toasts.", "external_files": ["../components/AuthForm", "../contexts/AuthContext", "../contexts/ToastContext", "react-router-dom"], "external_methods": ["useNavigate", "useAuth", "useToast", "register"], "published": ["RegisterPage"], "classes": [], "methods": [{"name": "RegisterPage()", "description": "React functional component that provides a registration page with form validation, toast notifications, and navigation.", "scope": "", "scopeKind": ""}, {"name": "handleSubmit", "description": "Asynchronous function handling form submission: registers a user, shows success/error toasts, and navigates to appropriate page."}], "calls": ["useAuth()", "useToast()", "useNavigate()", "register({ email, password })", "pushToast({ ... })", "navigate(\"/library\")", "navigate(\"/login\")"], "search-terms": ["RegisterPage", "AuthForm", "useAuth", "useToast", "react-router-dom", "user registration", "React component"], "state": 2, "file_id": 26, "knowledge_revision": 58, "git_revision": "b650150fec1933f47fc4ea610ed0056b005ad455", "ctags": [{"_type": "tag", "name": "RegisterPage", "path": "/home/kavia/workspace/code-generation/my-music-library-312322-312339/music_player_frontend/src/pages/RegisterPage.js", "pattern": "/^export function RegisterPage() {$/", "language": "JavaScript", "kind": "function", "signature": "()"}], "hash": "6769353b902fb0bca032b5e906c77ac1", "format-version": 4, "code-base-name": "music_player_frontend", "filename": "music_player_frontend/src/pages/RegisterPage.js", "revision_history": [{"58": "b650150fec1933f47fc4ea610ed0056b005ad455"}]}