{"is_source_file": true, "format": "JavaScript", "description": "This file defines authentication-related functions for a music application's frontend, providing API wrappers for user registration and login endpoints.", "external_files": ["./client"], "external_methods": ["apiRequest"], "published": ["registerUser", "loginUser"], "classes": [], "methods": [{"name": "registerUser({ email, password })", "description": "Function to register a new user by sending a POST request to /auth/register with email and password.", "scope": "", "scopeKind": ""}, {"name": "loginUser({ email, password })", "description": "Function to login an existing user by sending a POST request to /auth/login with email and password.", "scope": "", "scopeKind": ""}], "calls": ["apiRequest"], "search-terms": ["auth", "register", "login", "user", "auth.js"], "state": 2, "file_id": 14, "knowledge_revision": 32, "git_revision": "", "ctags": [{"_type": "tag", "name": "loginUser", "path": "/home/kavia/workspace/code-generation/my-music-library-312322-312339/music_player_frontend/src/api/auth.js", "pattern": "/^export async function loginUser({ email, password }) {$/", "language": "JavaScript", "kind": "function", "signature": "({ email, password })"}, {"_type": "tag", "name": "registerUser", "path": "/home/kavia/workspace/code-generation/my-music-library-312322-312339/music_player_frontend/src/api/auth.js", "pattern": "/^export async function registerUser({ email, password }) {$/", "language": "JavaScript", "kind": "function", "signature": "({ email, password })"}], "hash": "cef511ae138cc76bc0a8189513a3060c", "format-version": 4, "code-base-name": "music_player_frontend", "filename": "music_player_frontend/src/api/auth.js", "revision_history": [{"32": ""}]}