{"is_source_file": true, "format": "JavaScript", "description": "This is a React component source file for the 'LibraryPage' of a music player web application. It manages the music library, including loading songs from an API, displaying them, and handling playback actions.", "external_files": ["../components/Header", "../components/UploadForm", "../components/SongList", "../components/PlayerBar", "../api/songs", "../contexts/AuthContext", "../contexts/PlayerContext", "../contexts/ToastContext"], "external_methods": ["listSongs", "getSongStreamUrl"], "published": ["LibraryPage"], "classes": [], "methods": [{"name": "normalizeListResponse(data)", "description": "Normalizes the response data from the API into an array of songs, handling various possible response formats.", "scope": "", "scopeKind": ""}, {"name": "LibraryPage()", "description": "Main React functional component for the library page, managing song list state, loading, errors, and playback interactions.", "scope": "", "scopeKind": ""}, {"name": "refreshSongs", "description": "Fetches the list of songs from the API and updates the component state."}, {"name": "handlePlay", "description": "Handles the play action for a selected song by obtaining the stream URL and invoking playback."}], "calls": ["listSongs", "getSongStreamUrl", "useAuth", "usePlayer", "useToast", "setSongs", "setSongsError", "setLoadingSongs", "pushToast", "loadAndPlay"], "search-terms": ["LibraryPage", "React", "music library", "song list", "playback", "song API", "upload", "getSongStreamUrl", "normalizeListResponse"], "state": 2, "file_id": 27, "knowledge_revision": 60, "git_revision": "b650150fec1933f47fc4ea610ed0056b005ad455", "ctags": [{"_type": "tag", "name": "LibraryPage", "path": "/home/kavia/workspace/code-generation/my-music-library-312322-312339/music_player_frontend/src/pages/LibraryPage.js", "pattern": "/^export function LibraryPage() {$/", "language": "JavaScript", "kind": "function", "signature": "()"}, {"_type": "tag", "name": "handlePlay", "path": "/home/kavia/workspace/code-generation/my-music-library-312322-312339/music_player_frontend/src/pages/LibraryPage.js", "pattern": "/^                onPlay={handlePlay}$/", "language": "JavaScript", "kind": "field", "scope": "LibraryPage.onPlay", "scopeKind": "class"}, {"_type": "tag", "name": "loadingSongs", "path": "/home/kavia/workspace/code-generation/my-music-library-312322-312339/music_player_frontend/src/pages/LibraryPage.js", "pattern": "/^                loading={loadingSongs}$/", "language": "JavaScript", "kind": "field", "scope": "LibraryPage.loading", "scopeKind": "class"}, {"_type": "tag", "name": "normalizeListResponse", "path": "/home/kavia/workspace/code-generation/my-music-library-312322-312339/music_player_frontend/src/pages/LibraryPage.js", "pattern": "/^function normalizeListResponse(data) {$/", "language": "JavaScript", "kind": "function", "signature": "(data)"}, {"_type": "tag", "name": "refreshSongs", "path": "/home/kavia/workspace/code-generation/my-music-library-312322-312339/music_player_frontend/src/pages/LibraryPage.js", "pattern": "/^                onRefresh={refreshSongs}$/", "language": "JavaScript", "kind": "field", "scope": "LibraryPage.onRefresh", "scopeKind": "class"}, {"_type": "tag", "name": "songs", "path": "/home/kavia/workspace/code-generation/my-music-library-312322-312339/music_player_frontend/src/pages/LibraryPage.js", "pattern": "/^                songs={songs}$/", "language": "JavaScript", "kind": "field", "scope": "LibraryPage.songs", "scopeKind": "class"}, {"_type": "tag", "name": "songsError", "path": "/home/kavia/workspace/code-generation/my-music-library-312322-312339/music_player_frontend/src/pages/LibraryPage.js", "pattern": "/^                error={songsError}$/", "language": "JavaScript", "kind": "field", "scope": "LibraryPage.error", "scopeKind": "class"}], "hash": "3f1a2fe4cc358237df809433ae396e28", "format-version": 4, "code-base-name": "music_player_frontend", "filename": "music_player_frontend/src/pages/LibraryPage.js", "fields": [{"name": "onPlay={handlePlay}", "scope": "LibraryPage.onPlay", "scopeKind": "class", "description": "unavailable"}, {"name": "loading={loadingSongs}", "scope": "LibraryPage.loading", "scopeKind": "class", "description": "unavailable"}, {"name": "onRefresh={refreshSongs}", "scope": "LibraryPage.onRefresh", "scopeKind": "class", "description": "unavailable"}, {"name": "songs={songs}", "scope": "LibraryPage.songs", "scopeKind": "class", "description": "unavailable"}, {"name": "error={songsError}", "scope": "LibraryPage.error", "scopeKind": "class", "description": "unavailable"}], "revision_history": [{"60": "b650150fec1933f47fc4ea610ed0056b005ad455"}]}