{"is_source_file": false, "format": "", "description": "", "external_files": [], "external_methods": [], "published": [], "classes": [], "methods": [], "calls": [], "search-terms": [], "state": 2, "file_id": 11, "knowledge_revision": 19, "git_revision": "e1cfbc1d76ec8d53845a561383c1d3a02602e5cc", "hash": "d001d53c059625c4bcf75bf5a7f3fcf0", "format-version": 4, "code-base-name": "music_player_frontend", "filename": "music_player_frontend/package.json", "revision_history": [{"19": "e1cfbc1d76ec8d53845a561383c1d3a02602e5cc"}]}