{"is_source_file": true, "format": "JavaScript", "description": "This file defines a minimal API client for a frontend application. It handles configuration, making HTTP requests with fetch, error handling, and providing utility functions to get stream URLs for songs.", "external_files": ["fetch (built-in browser API)"], "external_methods": ["fetch", "Response.headers.get"], "published": ["apiRequest", "getStreamUrl"], "classes": [], "methods": [{"name": "getApiBaseUrl()", "description": "Returns the base URL for API requests, reading from environment variables or defaulting to localhost.", "scope": "", "scopeKind": ""}, {"name": "safeReadJson(response)", "description": "Attempts to parse a fetch response as JSON, returning null on failure.", "scope": "", "scopeKind": ""}, {"name": "buildErrorMessage({ response, json })", "description": "Constructs a comprehensive error message based on the response and error JSON.", "scope": "", "scopeKind": ""}, {"name": "apiRequest(path, { method = \"GET\", headers, body } = {})", "description": "Performs an HTTP request to the backend API, handling errors and responses.", "scope": "", "scopeKind": ""}, {"name": "getStreamUrl(songId)", "description": "Generates the URL to stream a specific song by its ID.", "scope": "", "scopeKind": ""}], "calls": ["fetch", "safeReadJson", "buildErrorMessage", "getApiBaseUrl"], "search-terms": ["API client", "fetch", "error handling", "stream URL", "React environment", "apiRequest", "music"], "state": 2, "file_id": 13, "knowledge_revision": 71, "git_revision": "6e685e700c0338d6cf2ed275c94a1effdd7eb9a3", "revision_history": [{"29": ""}, {"62": "b650150fec1933f47fc4ea610ed0056b005ad455"}, {"70": "6e685e700c0338d6cf2ed275c94a1effdd7eb9a3"}, {"71": "6e685e700c0338d6cf2ed275c94a1effdd7eb9a3"}], "ctags": [{"_type": "tag", "name": "DEFAULT_BASE_URL", "path": "/home/kavia/workspace/code-generation/my-music-library-312322-312339/music_player_frontend/src/api/client.js", "pattern": "/^const DEFAULT_BASE_URL = \"http:\\/\\/localhost:3001\";$/", "language": "JavaScript", "kind": "constant"}, {"_type": "tag", "name": "apiRequest", "path": "/home/kavia/workspace/code-generation/my-music-library-312322-312339/music_player_frontend/src/api/client.js", "pattern": "/^export async function apiRequest(path, { method = \"GET\", headers, body } = {}) {$/", "language": "JavaScript", "kind": "function", "signature": "(path, { method = \"GET\", headers, body } = {})"}, {"_type": "tag", "name": "buildErrorMessage", "path": "/home/kavia/workspace/code-generation/my-music-library-312322-312339/music_player_frontend/src/api/client.js", "pattern": "/^function buildErrorMessage({ response, json }) {$/", "language": "JavaScript", "kind": "function", "signature": "({ response, json })"}, {"_type": "tag", "name": "getApiBaseUrl", "path": "/home/kavia/workspace/code-generation/my-music-library-312322-312339/music_player_frontend/src/api/client.js", "pattern": "/^function getApiBaseUrl() {$/", "language": "JavaScript", "kind": "function", "signature": "()"}, {"_type": "tag", "name": "getStreamUrl", "path": "/home/kavia/workspace/code-generation/my-music-library-312322-312339/music_player_frontend/src/api/client.js", "pattern": "/^export function getStreamUrl(songId) {$/", "language": "JavaScript", "kind": "function", "signature": "(songId)"}, {"_type": "tag", "name": "safeReadJson", "path": "/home/kavia/workspace/code-generation/my-music-library-312322-312339/music_player_frontend/src/api/client.js", "pattern": "/^async function safeReadJson(response) {$/", "language": "JavaScript", "kind": "function", "signature": "(response)"}], "hash": "a559a7516cff9cbe6cfff03bcd48009d", "format-version": 4, "code-base-name": "music_player_frontend", "filename": "music_player_frontend/src/api/client.js"}