{"is_source_file": true, "file_id": 27, "git_revision": "", "state": 1, "description": "", "external_files": [], "external_methods": [], "published": [], "classes": [], "methods": [], "calls": [], "search-terms": [], "ctags": [{"_type": "tag", "name": "LibraryPage", "path": "/home/kavia/workspace/code-generation/my-music-library-312322-312339/music_player_frontend/src/pages/LibraryPage.js", "pattern": "/^export function LibraryPage() {$/", "language": "JavaScript", "kind": "function", "signature": "()"}, {"_type": "tag", "name": "handlePlay", "path": "/home/kavia/workspace/code-generation/my-music-library-312322-312339/music_player_frontend/src/pages/LibraryPage.js", "pattern": "/^                onPlay={handlePlay}$/", "language": "JavaScript", "kind": "field", "scope": "LibraryPage.onPlay", "scopeKind": "class"}, {"_type": "tag", "name": "loadingSongs", "path": "/home/kavia/workspace/code-generation/my-music-library-312322-312339/music_player_frontend/src/pages/LibraryPage.js", "pattern": "/^                loading={loadingSongs}$/", "language": "JavaScript", "kind": "field", "scope": "LibraryPage.loading", "scopeKind": "class"}, {"_type": "tag", "name": "normalizeListResponse", "path": "/home/kavia/workspace/code-generation/my-music-library-312322-312339/music_player_frontend/src/pages/LibraryPage.js", "pattern": "/^function normalizeListResponse(data) {$/", "language": "JavaScript", "kind": "function", "signature": "(data)"}, {"_type": "tag", "name": "refreshSongs", "path": "/home/kavia/workspace/code-generation/my-music-library-312322-312339/music_player_frontend/src/pages/LibraryPage.js", "pattern": "/^                onRefresh={refreshSongs}$/", "language": "JavaScript", "kind": "field", "scope": "LibraryPage.onRefresh", "scopeKind": "class"}, {"_type": "tag", "name": "songs", "path": "/home/kavia/workspace/code-generation/my-music-library-312322-312339/music_player_frontend/src/pages/LibraryPage.js", "pattern": "/^                songs={songs}$/", "language": "JavaScript", "kind": "field", "scope": "LibraryPage.songs", "scopeKind": "class"}, {"_type": "tag", "name": "songsError", "path": "/home/kavia/workspace/code-generation/my-music-library-312322-312339/music_player_frontend/src/pages/LibraryPage.js", "pattern": "/^                error={songsError}$/", "language": "JavaScript", "kind": "field", "scope": "LibraryPage.error", "scopeKind": "class"}], "format": "JavaScript", "hash": "3f1a2fe4cc358237df809433ae396e28", "format-version": 4, "code-base-name": "music_player_frontend", "filename": "music_player_frontend/src/pages/LibraryPage.js", "knowledge_revision": 55}