{"is_source_file": true, "file_id": 26, "git_revision": "", "state": 1, "description": "", "external_files": [], "external_methods": [], "published": [], "classes": [], "methods": [], "calls": [], "search-terms": [], "ctags": [{"_type": "tag", "name": "RegisterPage", "path": "/home/kavia/workspace/code-generation/my-music-library-312322-312339/music_player_frontend/src/pages/RegisterPage.js", "pattern": "/^export function RegisterPage() {$/", "language": "JavaScript", "kind": "function", "signature": "()"}], "format": "JavaScript", "hash": "6769353b902fb0bca032b5e906c77ac1", "format-version": 4, "code-base-name": "music_player_frontend", "filename": "music_player_frontend/src/pages/RegisterPage.js", "knowledge_revision": 53}