{"is_source_file": true, "format": "JavaScript", "description": "Source file for a minimal fetch-based API client in a React project, providing functions for API requests and stream URL generation with error handling.", "external_files": ["fetch API (built-in)", "process.env (Node.js or React environment variables)"], "external_methods": ["fetch"], "published": ["apiRequest", "getStreamUrl"], "classes": [], "methods": [{"name": "getApiBaseUrl()", "description": "Retrieves the base URL for API requests, considering environment variable overrides.", "scope": "", "scopeKind": ""}, {"name": "safeReadJson(response)", "description": "Safely reads JSON from a fetch response, returns null on error.", "scope": "", "scopeKind": ""}, {"name": "buildErrorMessage({ response, json })", "description": "Constructs a detailed error message based on response and JSON error payload.", "scope": "", "scopeKind": ""}, {"name": "apiRequest(path, { method = \"GET\", token, headers, body } = {})", "description": "Performs an HTTP request with error handling, supports JSON and form data payloads.", "scope": "", "scopeKind": ""}, {"name": "getStreamUrl(songId)", "description": "Generates a URL to stream a song given its ID.", "scope": "", "scopeKind": ""}], "calls": ["fetch", "getApiBaseUrl", "safeReadJson", "buildErrorMessage"], "search-terms": ["fetch API client", "React environment variable", "buildErrorMessage", "safeReadJson", "getStreamUrl", "apiRequest"], "state": 2, "file_id": 13, "knowledge_revision": 29, "git_revision": "", "ctags": [{"_type": "tag", "name": "DEFAULT_BASE_URL", "path": "/home/kavia/workspace/code-generation/my-music-library-312322-312339/music_player_frontend/src/api/client.js", "pattern": "/^const DEFAULT_BASE_URL = \"http:\\/\\/localhost:3001\";$/", "language": "JavaScript", "kind": "constant"}, {"_type": "tag", "name": "apiRequest", "path": "/home/kavia/workspace/code-generation/my-music-library-312322-312339/music_player_frontend/src/api/client.js", "pattern": "/^export async function apiRequest(path, { method = \"GET\", token, headers, body } = {}) {$/", "language": "JavaScript", "kind": "function", "signature": "(path, { method = \"GET\", token, headers, body } = {})"}, {"_type": "tag", "name": "buildErrorMessage", "path": "/home/kavia/workspace/code-generation/my-music-library-312322-312339/music_player_frontend/src/api/client.js", "pattern": "/^function buildErrorMessage({ response, json }) {$/", "language": "JavaScript", "kind": "function", "signature": "({ response, json })"}, {"_type": "tag", "name": "getApiBaseUrl", "path": "/home/kavia/workspace/code-generation/my-music-library-312322-312339/music_player_frontend/src/api/client.js", "pattern": "/^function getApiBaseUrl() {$/", "language": "JavaScript", "kind": "function", "signature": "()"}, {"_type": "tag", "name": "getStreamUrl", "path": "/home/kavia/workspace/code-generation/my-music-library-312322-312339/music_player_frontend/src/api/client.js", "pattern": "/^export function getStreamUrl(songId) {$/", "language": "JavaScript", "kind": "function", "signature": "(songId)"}, {"_type": "tag", "name": "safeReadJson", "path": "/home/kavia/workspace/code-generation/my-music-library-312322-312339/music_player_frontend/src/api/client.js", "pattern": "/^async function safeReadJson(response) {$/", "language": "JavaScript", "kind": "function", "signature": "(response)"}], "hash": "866e2aa764dfa6b294776be85e789460", "format-version": 4, "code-base-name": "music_player_frontend", "filename": "music_player_frontend/src/api/client.js", "revision_history": [{"29": ""}]}