{"is_source_file": true, "format": "JavaScript", "description": "This file defines the AuthContext for managing user authentication state in a React application. It provides authentication-related state, persists session data to local storage, and includes functions for login, registration, and logout. The file also exports a custom hook for consuming auth context.", "external_files": ["../api/auth"], "external_methods": ["loginUser", "registerUser"], "published": ["AuthProvider", "useAuth"], "classes": [], "methods": [{"name": "normalizeAuthResponse(data)", "description": "Normalizes various backend auth response formats into a consistent object containing token and user info.", "scope": "", "scopeKind": ""}, {"name": "AuthProvider({ children })", "description": "React component that provides authentication state and actions via context to its children.", "scope": "", "scopeKind": ""}, {"name": "useAuth()", "description": "Custom React hook to access authentication context.", "scope": "", "scopeKind": ""}], "calls": ["React.createContext", "useCallback", "useContext", "useEffect", "useMemo", "useState", "window.localStorage.getItem", "JSON.parse", "window.localStorage.setItem", "window.localStorage.removeItem", "loginUser", "registerUser"], "search-terms": ["AuthProvider", "useAuth", "normalizeAuthResponse", "localStorage", "React Context", "auth state management", "Authentication hooks"], "state": 2, "file_id": 17, "knowledge_revision": 39, "git_revision": "", "ctags": [{"_type": "tag", "name": "AuthContext", "path": "/home/kavia/workspace/code-generation/my-music-library-312322-312339/music_player_frontend/src/contexts/AuthContext.js", "pattern": "/^const AuthContext = createContext(null);$/", "language": "JavaScript", "kind": "constant"}, {"_type": "tag", "name": "AuthProvider", "path": "/home/kavia/workspace/code-generation/my-music-library-312322-312339/music_player_frontend/src/contexts/AuthContext.js", "pattern": "/^export function AuthProvider({ children }) {$/", "language": "JavaScript", "kind": "function", "signature": "({ children })"}, {"_type": "tag", "name": "STORAGE_KEY", "path": "/home/kavia/workspace/code-generation/my-music-library-312322-312339/music_player_frontend/src/contexts/AuthContext.js", "pattern": "/^const STORAGE_KEY = \"music_player_auth_v1\";$/", "language": "JavaScript", "kind": "constant"}, {"_type": "tag", "name": "api", "path": "/home/kavia/workspace/code-generation/my-music-library-312322-312339/music_player_frontend/src/contexts/AuthContext.js", "pattern": "/^  return <AuthContext.Provider value={api}>{children}<\\/AuthContext.Provider>;$/", "language": "JavaScript", "kind": "field", "scope": "Provider", "scopeKind": "class"}, {"_type": "tag", "name": "normalizeAuthResponse", "path": "/home/kavia/workspace/code-generation/my-music-library-312322-312339/music_player_frontend/src/contexts/AuthContext.js", "pattern": "/^function normalizeAuthResponse(data) {$/", "language": "JavaScript", "kind": "function", "signature": "(data)"}, {"_type": "tag", "name": "useAuth", "path": "/home/kavia/workspace/code-generation/my-music-library-312322-312339/music_player_frontend/src/contexts/AuthContext.js", "pattern": "/^export function useAuth() {$/", "language": "JavaScript", "kind": "function", "signature": "()"}], "hash": "b2f4568c06158a451e4f750e9618528c", "format-version": 4, "code-base-name": "music_player_frontend", "filename": "music_player_frontend/src/contexts/AuthContext.js", "fields": [{"name": "return <AuthContext.Provider value={api}>{children}<\\/AuthContext.Provider>;", "scope": "Provider", "scopeKind": "class", "description": "unavailable"}], "revision_history": [{"39": ""}]}