{"is_source_file": true, "format": "JavaScript (React JSX)", "description": "This source file defines the main React component 'App' that sets up routing and context providers for the front-end of a music library application.", "external_files": ["react", "react-router-dom", "./App.css", "./pages/LibraryPage", "./contexts/ToastContext", "./contexts/PlayerContext"], "external_methods": ["React", "{ BrowserRouter, Navigate, Route, Routes } from 'react-router-dom'", "ToastProvider", "PlayerProvider", "LibraryPage", "Navigate"], "published": ["App"], "classes": [], "methods": [{"name": "App()", "description": "Main React component serving as the application entry point, setting up context providers and routing.", "scope": "", "scopeKind": ""}], "calls": ["React", "BrowserRouter", "Routes", "Route", "Navigate", "ToastProvider", "PlayerProvider", "LibraryPage"], "search-terms": ["React component", "routing", "context providers", "LibraryPage", "App.js", "frontend routing"], "state": 2, "file_id": 1, "knowledge_revision": 61, "git_revision": "b650150fec1933f47fc4ea610ed0056b005ad455", "revision_history": [{"24": "e1cfbc1d76ec8d53845a561383c1d3a02602e5cc"}, {"56": "e1cfbc1d76ec8d53845a561383c1d3a02602e5cc"}, {"61": "b650150fec1933f47fc4ea610ed0056b005ad455"}], "ctags": [{"_type": "tag", "name": "App", "path": "/home/kavia/workspace/code-generation/my-music-library-312322-312339/music_player_frontend/src/App.js", "pattern": "/^function App() {$/", "language": "JavaScript", "kind": "function", "signature": "()"}], "hash": "e6da5e975ae0a1462725d0ed80a6fdda", "format-version": 4, "code-base-name": "music_player_frontend", "filename": "music_player_frontend/src/App.js"}