{"is_source_file": true, "format": "JavaScript (React JSX)", "description": "This file defines a React functional component 'Header' that renders the header section of a music library application, including branding and navigation links.", "external_files": ["react", "react-router-dom"], "external_methods": ["Link from react-router-dom"], "published": ["Header"], "classes": [], "methods": [{"name": "Header()", "description": "React functional component that renders the application's header with branding and navigation.", "scope": "", "scopeKind": ""}], "calls": ["React", "Link"], "search-terms": ["Header component", "React JSX", "music library header", "react-router-dom"], "state": 2, "file_id": 24, "knowledge_revision": 65, "git_revision": "b650150fec1933f47fc4ea610ed0056b005ad455", "revision_history": [{"52": ""}, {"65": "b650150fec1933f47fc4ea610ed0056b005ad455"}], "ctags": [{"_type": "tag", "name": "Header", "path": "/home/kavia/workspace/code-generation/my-music-library-312322-312339/music_player_frontend/src/components/Header.js", "pattern": "/^export function Header() {$/", "language": "JavaScript", "kind": "function", "signature": "()"}], "hash": "38aa146422e837c0e624a6f1f9b5c4fc", "format-version": 4, "code-base-name": "music_player_frontend", "filename": "music_player_frontend/src/components/Header.js"}