{"is_source_file": false, "format": "", "description": "", "external_files": [], "external_methods": [], "published": [], "classes": [], "methods": [], "calls": [], "search-terms": [], "state": 2, "file_id": 8, "knowledge_revision": 20, "git_revision": "e1cfbc1d76ec8d53845a561383c1d3a02602e5cc", "hash": "d9d975cebe2ec20b6c652e1e4c12ccf0", "format-version": 4, "code-base-name": "music_player_frontend", "filename": "music_player_frontend/public/manifest.json", "revision_history": [{"20": "e1cfbc1d76ec8d53845a561383c1d3a02602e5cc"}]}