{"is_source_file": false, "format": "", "description": "", "external_files": [], "external_methods": [], "published": [], "classes": [], "methods": [], "calls": [], "search-terms": [], "state": 2, "file_id": 12, "knowledge_revision": 18, "git_revision": "6afbd54d52f339d7963a715a57d17d30d086a5f7", "hash": "ca6b283dd8174ccc0bfb19844dc69e16", "format-version": 4, "code-base-name": "music_player_frontend", "filename": "README.md", "revision_history": [{"18": "6afbd54d52f339d7963a715a57d17d30d086a5f7"}]}